"code_postal","commune"
,"Genève"
,
44200,"Nantes"
44800,"st herblain"
44000,"NANTES"
"44430","Le Loroux-Bottereau"
,"Toulouse"
85190,"LA ROCHE SUR YON"
44000,"Nantes"
85140,"L'OIE"
75015,"Paris"
85270,"SAINT-HILAIRE-DE-RIEZ"
,
69008,"Lyon"
44470,"THOUARE SUR LOIRE"
44600,"SAINT NAZAIRE"
44800,"SAINT HERBLAIN"
69280,"Marcy L’étoile"
33400,"TALENCE"
44093,"Nantes"
94250,"GENTILLY"
44093,"Nantes"
,
44000,"Nantes"
,
,"Tunis"
44000,"NANTES"
44093,"Nantes"
,
44000,"NANTES"
44470,"THOUARE SUR LOIRE"
44300,"NANTES"
92100,"PARIS"
44240,"LA CHAPELLE SUR ERDRE"
"CANADA","MONTREAL"
4067,"BRISBANE"
75013,"PARIS"
,
,
,
91400,"ORSAY"
44000,"NANTES"
44000,"NANTES"
75018,"PARIS"
44000,"NANTES"
92400,"COURBEVOIE"
44300,"NANTES"
75005,"PARIS"
44800,"Saint Herblain"
68100,"MULHOUSE"
28380,"SAINT REMY SUR AVRE"
29260,"LE FOLGOET"
44700,"ORVAULT"
44830,"Brains"
44093,"Nantes"
85000,"LA ROCHE SUR YON"
"SUISSE","BASSEL"
44800,"Saint Herblain"
92284,"SURESNES"
44100,"NANTES"
91140,"VILLEBON SUR YVETTE"
"44000","Nantes"
56000,"VANNES"
44500,"LA BAULE"
44210,"PORNIC "
44340,"BOUGUENAIS"
44200,"NANTES"
69008,"LYON"
"DANEMARK",
44000,"NANTES"
,"Panama-city"
"PANAMA","PANAMA"
44115,"HAUTE GOULAINE"
35120,"VAIRE"
44200,"NANTES"
,
56100,"LORIENT"
,
,
64122,"Urrugne"
85000,"LA ROCHE SUR YON"
92130,"ISSY LES MOULINEAUX"
69000,"LYON"
35480,"GUIPRY MESSAC"
38000,"GRENOBLE"
56890,"SAINT AVE"
94250,"GENTILLY"
44410,"HERBIGNAC"
49100,"ANGERS"
44300,"NANTES"
92400,"COURBEVOIE"
44000,"Nantes"
44521,"COUFFE"
,
56450,"SURZUR"
75013,"PARIS"
76960,"NOTRE DATE DE BONDEVILLE"
44000,"NANTES"
,
44000,"NANTES"
44850,"NANTES"
28000,"CHARTRES"
44000,"NANTES"
35370,"TORCE"
44380,"PORNICHET"
44522,"ANCENIS"
41500,"MER"
44000,"NANTES"
44700,"ORVAULT"
92100,"BOULOGNE BILLANCOURT"
,
44600,"SAINT NAZAIRE"
44000,"NANTES"
,
44600,"SAINT NAZAIRE"
44000,"Nantes"
44100,"NANTES"
33140,"VILLENAVE D'ORMON"
,
92100,"BOULOGNE BILLANCOURT"
44470,"Carquefou"
44450,"DIVATTE SUR LOIRE"
44817,"SAINT HERBLAIN"
92400,"Courbevoie"
"44300","Nantes"
44880,"SAUTRON"
85150,"LES ACHARDS"
44470,"CARQUEFOU"
33500,"Libourne"
75017,"PARIS"
33076,"Bordeaux"
85180,"VENANSAULT"
44680,"CHAUMES EN RETZ"
75003,"Paris"
92563,"RUEIL MALMAISON"
44000,"Nantes"
44000,"NANTES"
37000,"TOURS"
85460,"L'AIGUILLON SUR MER"
44470,"THOUARE SUR LOIRE"
75007,"PARIS"
92300,"Levallois-Perret"
,
,
,
44000,"NANTES"
,
35000,"Rennes"
44100,"Nantes"
44600,"st nazaire"
,
,
85500,"LES HERBIERS"
,
,
44100,"NANTES"
,
,
,
33500,"Libourne"
94200,"IVRY SUR SEINE"
,
92110,"CLICHY"
44400,"Reze"
97460,"SAINT PAUL"
"44000","NANTES"
"75008","PARIS"
44100,"NANTES"
,
,
"44035","Nantes"
,
,
85660,"SAINT PHILBERT DE BOUAINE"
,
,
44100,"NANTES"
"92400","Courbevoie"
,
92000,"ISSY LES MOULINEAUX"
75001,"Paris"
44300,"NANTES"
"114 21","Stockholm, Suède"
44000,"NANTES"
29250,"SANTEC"
,
,
29200,"Brest"
49007,"ANGERS"
92100,"CHARANCIEU"
45500,"gien"
92400,"Courbevoie"
,
,
,
,
44000,"NANTES"
44300,"NANTES"
"06510","Carros"
56130,"PEAULE"
,
27400,"HEUDEBOUVILLE"
44500,"LA BAULE"
27320,"NONANCOURT"
94250,"GENTILLY"
44000,"Nantes"
44000,"NANTES"
94250,"GENTILLY"
,
44110,"CHATEAUBRIANT"
44000,"NANTES"
44000,"NANTES"
44300,"NANTES"
44300,"NANTES"
,
92130,"PARIS"
44000,"NANTES"
,
75017,"PARIS"
75000,"PARIS"
97300,"CAYENNE"
44350,"GUERANDE"
44350,"GUERANDE"
44000,"NANTES"
,
,
35133,"SAINT MARC LE BLANC"
44240,"SUCE SUR ERDRE"
44000,"NANTES"
,
44000,"NANTES"
,
,
44190,"Gétigné"
85150,"SAINT MATHURIN"
,
28000,"CHARTRES"
92150,"Suresnes"
44150,"ANCENIS"
,
85600,"Montaigu"
49000,"ANGERS"
34184,"MONTPELLIER"
85160,"SAINT JEAN DE MONTS"
59000,"LILLE"
44500,"LA BAULE"
"44093","Nantes Cedex 1"
44000,"NANTES"
44300,"NANTES"
,
85340,"LES SABLES D'OLONNE"
,
44200,"NANTES"
44700,"ORVAULT"
92800,"PUTEAUX"
34000,"Montpellier"
"04200","SISTERON"
44740,"BATZ SUR MER"
44000,"NANTES"
44620,"LA MONTAGNE"
28000,"CHARTRES"
44540,"MESANGER"
97400,"saint denis"
92100,"BOULOGNE BILLANCOURT"
44000,"NANTES"
85000,"SAINT HILAIRE DE RIEZ"
35240,"LE THEIL DE BRETAGNE"
"56 000","Vannes"
75014,"PARIS"
92210,"SAINT-CLOUD"
,
49000,"ANGERS"
44220,"Couëron"
,
44200,"NANTES"
85340,"LES SABLES D'OLONNE"
85340,"LES SABLES D'OLONNE"
44300,"NANTES"
44220,"Couëron"
85170,"BOIS DE CENE"
44500,"LA BAULE"
,
92130,"Issy-les-Moulineaux"
77230,"MOUSSY LE NEUF"
44000,"SAINT PHILBERT DE GRAND LIEU"
44000,"NANTES"
3930,"Visp, Switzerland"
44000,"Nantes"
44043,"CLISSON"
75000,"PARIS"
50200,"COUTANCES"
"44300","Nantes"
44800,"SAINT HERBLAIN"
,
44000,"NANTES"
,
44000,"NANTES"
,
44300,"Nantes"
92400,"COURBEVOIE"
44000,"Nantes"
92500,"RUEIL MALMAISON"
44700,"Orvault"
85000,"LA ROCHE SUR YON"
44000,"NANTES"
44400,"REZE"
44000,"NANTES"
44530,"GUENROUET"
,
44035,"NANTES"
,
44000,"NANTES"
92800,"PARIS"
85000,"LES HERBIERS"
44300,"NANTES"
"ROYAUME UNI","LONDRES"
44000,"NANTES"
44300,"NANTES"
44000,"NANTES"
44800,"SAINT HERBLAIN"
44000,"NANTES"
44100,"NANTES"
93200,"SAINT DENIS"
75017,"PARIS"
"75015","Paris"
,
44140,"MONTBERT"
69006,"Lyon"
44640,"SAINT JEAN DE BOISEAU"
44640,"SAINT JEAN DE BOISEAU"
44000,"Nantes"
44450,"SAINT MARS DU DESERT"
85000,"LA ROCHE SUR YON"
37200,"TOURS"
"H4p2s4","Montréal canada"
"CANADA","MONTREAL"
44600,"SAINT NAZAIRE"
44300,"NANTES"
44000,"NANTES"
